Number of species	10
Number of genes	984833
Number of genes in orthogroups	929173
Number of unassigned genes	55660
Percentage of genes in orthogroups	94.3
Percentage of unassigned genes	5.7
Number of orthogroups	69006
Number of species-specific orthogroups	14380
Number of genes in species-specific orthogroups	48879
Percentage of genes in species-specific orthogroups	5.0
Mean orthogroup size	13.5
Median orthogroup size	7.0
G50 (assigned genes)	24
G50 (all genes)	22
O50 (assigned genes)	11352
O50 (all genes)	12567
Number of orthogroups with all species present	15560
Number of single-copy orthogroups	1
Date	2023-08-24
Orthogroups file	Orthogroups.tsv
Unassigned genes file	Orthogroups_UnassignedGenes.tsv
Per-species statistics	Statistics_PerSpecies.tsv
Overall statistics	Statistics_Overall.tsv
Orthogroups shared between species	Orthogroups_SpeciesOverlaps.tsv

Average number of genes per-species in orthogroup	Number of orthogroups	Percentage of orthogroups	Number of genes	Percentage of genes
<1	39154	56.7	147821	15.9
'1	12801	18.6	195678	21.1
'2	9470	13.7	220039	23.7
'3	3591	5.2	121459	13.1
'4	1748	2.5	76715	8.3
'5	929	1.3	50242	5.4
'6	481	0.7	30831	3.3
'7	283	0.4	20991	2.3
'8	173	0.3	14607	1.6
'9	109	0.2	10257	1.1
'10	74	0.1	7674	0.8
11-15	122	0.2	15552	1.7
16-20	44	0.1	7992	0.9
21-50	22	0.0	6312	0.7
51-100	5	0.0	3003	0.3
101-150	0	0.0	0	0.0
151-200	0	0.0	0	0.0
201-500	0	0.0	0	0.0
501-1000	0	0.0	0	0.0
'1001+	0	0.0	0	0.0

Number of species in orthogroup	Number of orthogroups
1	14380
2	14513
3	7174
4	4058
5	2664
6	1973
7	1793
8	2097
9	4794
10	15560
